Club_Name,Name,Event,Role
club_2,Abagail Marx,club_2_event_2,Participant
club_1,Abagail Marx,club_1_event_1,Participant
club_2,Abagail Marx,club_2_event_2,Participant
club_1,Abagail Marx,club_1_event_2,Participant
club_2,Abagail Marx,club_2_event_1,Participant
club_3,Abagail Marx,club_3_event_1,Participant
club_1,Abagail Marx,club_1_event_2,Participant
club_1,Abagail Marx,club_1_event_1,Participant
club_2,Abagail Marx,club_2_event_1,Participant
club_2,Abagail Marx,club_2_event_2,Participant
club_1,Abdullah Horst,club_1_event_2,Participant
club_1,Abdullah Horst,club_1_event_2,Participant
club_1,Abdullah Horst,club_1_event_1,Participant
club_3,Abdullah Horst,club_3_event_2,Participant
club_3,Abdullah Reddy,club_3_event_2,Participant
club_2,Abdullah Reddy,club_2_event_1,Participant
club_3,Abigale Jimenez,club_3_event_2,Participant
club_2,Abigayle Bolen,club_2_event_2,Participant
club_2,Abril Covarrubias,club_2_event_3,Participant
club_3,Abril Covarrubias,club_3_event_3,Participant
club_1,Abril Covarrubias,club_1_event_1,Participant
club_2,Adan Goetz,club_2_event_3,Participant
club_3,Adan Goetz,club_3_event_2,Participant
club_2,Adan Goetz,club_2_event_2,Participant
club_3,Adan Goetz,club_3_event_1,Participant
club_1,Adan Goetz,club_1_event_3,Participant
club_2,Adan Goetz,club_2_event_2,Participant
club_1,Adan Goetz,club_1_event_1,Participant
club_1,Adeline Henry,club_1_event_1,Participant
club_3,Adeline Henry,club_3_event_2,Participant
club_3,Adeline Henry,club_3_event_2,Participant
club_3,Ainsley Clinton,club_3_event_2,Participant
club_2,Ainsley Clinton,club_2_event_1,Participant
club_1,Ainsley Clinton,club_1_event_2,Participant
club_2,Alannah Chisholm,club_2_event_3,Participant
club_1,Alannah Chisholm,club_1_event_3,Participant
club_3,Alannah Chisholm,club_3_event_1,Participant
club_2,Alannah Chisholm,club_2_event_2,Participant
club_1,Alannah Chisholm,club_1_event_2,Participant
club_2,Alannah Chisholm,club_2_event_1,Participant
club_1,Alannah Chisholm,club_1_event_1,Participant
club_3,Alannah Chisholm,club_3_event_2,Participant
club_1,Alannah Chisholm,club_1_event_2,Participant
club_3,Aleah Spangler,club_3_event_2,Participant
club_1,Alexander Jaimes,club_1_event_2,Participant
club_3,Alexander Jaimes,club_3_event_2,Participant
club_1,Alexandrea Starnes,club_1_event_3,Participant
club_3,Alexandrea Starnes,club_3_event_1,Participant
club_2,Alexandrea Starnes,club_2_event_1,Participant
club_2,Alexandrea Starnes,club_2_event_2,Participant
club_3,Alexandrea Starnes,club_3_event_3,Participant
club_3,Alexandrea Starnes,club_3_event_2,Participant
club_1,Alexandrea Starnes,club_1_event_2,Participant
club_2,Alexandrea Starnes,club_2_event_3,Participant
club_1,Alexandria Galbraith,club_1_event_3,Participant
club_2,Alexandria Galbraith,club_2_event_2,Participant
club_1,Alexandria Galbraith,club_1_event_2,Participant
club_3,Alexandria Galbraith,club_3_event_1,Participant
club_1,Alexandria Galbraith,club_1_event_1,Participant
club_2,Alexandria Galbraith,club_2_event_1,Participant
club_1,Alina Ervin,club_1_event_1,Participant
club_3,Alina Ervin,club_3_event_2,Participant
club_3,Alina Ervin,club_3_event_3,Participant
club_1,Alina Ervin,club_1_event_2,Participant
club_2,Alina Ervin,club_2_event_1,Participant
club_2,Alina Ervin,club_2_event_3,Participant
club_3,Alison Mcvey,club_3_event_1,Participant
club_3,Alison Mcvey,club_3_event_2,Participant
club_2,Alison Mcvey,club_2_event_3,Participant
club_1,Alison Mcvey,club_1_event_2,Participant
club_2,Alison Mcvey,club_2_event_1,Participant
club_3,Alize Dodd,club_3_event_1,Participant
club_1,Alize Dodd,club_1_event_2,Participant
club_2,Alize Dodd,club_2_event_1,Participant
club_3,Alize Dodd,club_3_event_2,Participant
club_3,Alize Dodd,club_3_event_1,Participant
club_3,Alize Gross,club_3_event_2,Participant
club_2,Allen McPherson,club_2_event_2,Participant
club_1,Allen McPherson,club_1_event_2,Participant
club_2,Allen McPherson,club_2_event_1,Participant
club_1,Allen McPherson,club_1_event_1,Participant
club_3,Allen McPherson,club_3_event_1,Participant
club_1,Allissa Biddle,club_1_event_1,Participant
club_3,Allissa Biddle,club_3_event_3,Participant
club_2,Allissa Biddle,club_2_event_3,Participant
club_3,Allissa Biddle,club_3_event_2,Participant
club_1,Allissa Biddle,club_1_event_2,Participant
club_3,Alvin Hayden,club_3_event_1,Participant
club_1,Alvin Venegas,club_1_event_1,Participant
club_2,Alvin Venegas,club_2_event_2,Participant
club_2,Alycia Woodard,club_2_event_1,Participant
club_1,Alycia Woodard,club_1_event_2,Participant
club_2,Alycia Woodard,club_2_event_1,Participant
club_3,Alyse Bertrand,club_3_event_3,Participant
club_3,Alyse Bertrand,club_3_event_1,Participant
club_1,Alyse Bertrand,club_1_event_3,Participant
club_3,Alyse Bertrand,club_3_event_2,Participant
club_2,Amaiya Solano,club_2_event_2,Participant
club_3,Amaiya Solano,club_3_event_2,Participant
club_1,Amaiya Solano,club_1_event_3,Participant
club_2,Amaiya Solano,club_2_event_1,Participant
club_3,Amaiya Solano,club_3_event_1,Participant
club_1,Amaiya Solano,club_1_event_2,Participant
club_3,Amaiya Solano,club_3_event_3,Participant
club_2,Amaiya Solano,club_2_event_3,Participant
club_1,Amalia Frost,club_1_event_1,Participant
club_2,Amalia Frost,club_2_event_1,Participant
club_2,Amalia Frost,club_2_event_2,Participant
club_3,Amalia Frost,club_3_event_1,Participant
club_1,Amaris Jones,club_1_event_3,organiser_3
club_3,Amaris Jones,club_3_event_2,Participant
club_1,Amber Costa,club_1_event_2,Participant
club_1,Amber Costa,club_1_event_1,Participant
club_2,Amber Costa,club_2_event_1,Participant
club_1,Amber Rudolph,club_1_event_2,Participant
club_1,Amber Rudolph,club_1_event_2,Participant
club_3,Amber Rudolph,club_3_event_3,Participant
club_2,Amber Rudolph,club_2_event_1,Participant
club_1,Amber Rudolph,club_1_event_1,Participant
club_3,Amina Ware,club_3_event_3,Participant
club_2,Amina Ware,club_2_event_3,Participant
club_3,Amina Ware,club_3_event_2,Participant
club_1,Andrew Keefe,club_1_event_2,Participant
club_2,Andrew Keefe,club_2_event_1,Participant
club_3,Andrew Keefe,club_3_event_1,Participant
club_2,Andrew Keefe,club_2_event_3,Participant
club_3,Annabelle Malloy,club_3_event_1,Participant
club_2,Annabelle Malloy,club_2_event_2,Participant
club_3,Annalise Dietz,club_3_event_2,Participant
club_1,Annalise Dietz,club_1_event_1,Participant
club_1,Annette Ahmed,club_1_event_1,organiser_1
club_1,Annette Ahmed,club_1_event_3,Participant
club_1,Annette Ahmed,club_1_event_2,organiser_1
club_2,Annette Ahmed,club_2_event_2,Participant
club_3,Annette Ahmed,club_3_event_1,Participant
club_1,Annette Ahmed,club_1_event_3,organiser_1
club_2,Arjun Payne,club_2_event_1,Participant
club_3,Arjun Payne,club_3_event_2,Participant
club_1,Arjun Payne,club_1_event_2,Participant
club_2,Arjun Payne,club_2_event_3,Participant
club_1,Arjun Payne,club_1_event_1,Participant
club_1,Ashanti Koenig,club_1_event_2,Participant
club_2,Ashanti Koenig,club_2_event_2,Participant
club_2,Ashtyn Benjamin,club_2_event_2,Participant
club_2,Ashtyn Benjamin,club_2_event_3,Participant
club_3,Ashtyn Benjamin,club_3_event_1,Participant
club_1,Ashtyn Benjamin,club_1_event_3,Participant
club_3,Ashtyn Benjamin,club_3_event_2,Participant
club_3,Autum Kohn,club_3_event_2,Participant
club_1,Autum Kohn,club_1_event_3,Participant
club_2,Avery Andrews,club_2_event_1,Participant
club_2,Avery Andrews,club_2_event_2,Participant
club_2,Aya Kennedy,club_2_event_2,Participant
club_3,Aya Kennedy,club_3_event_2,Participant
club_1,Aylin Seals,club_1_event_1,organiser_4
club_1,Aylin Seals,club_1_event_1,Participant
club_3,Aylin Seals,club_3_event_1,Participant
club_2,Aylin Seals,club_2_event_2,Participant
club_1,Aylin Seals,club_1_event_1,Participant
club_1,Aylin Seals,club_1_event_2,organiser_4
club_3,Aylin Seals,club_3_event_2,Participant
club_1,Aylin Seals,club_1_event_3,organiser_4
club_2,Baby Heaton,club_2_event_1,Participant
club_1,Baby Heaton,club_1_event_3,Participant
club_3,Baby Heaton,club_3_event_3,Participant
club_1,Baby Heaton,club_1_event_2,Participant
club_3,Baby Heaton,club_3_event_1,Participant
club_2,Baby Heaton,club_2_event_2,Participant
club_1,Blaine Mckenzie,club_1_event_2,Participant
club_3,Blaine Mckenzie,club_3_event_2,Participant
club_2,Blaine Mckenzie,club_2_event_1,Participant
club_1,Blaine Mckenzie,club_1_event_1,Participant
club_1,Blayne Pollock,club_1_event_2,Participant
club_1,Blayne Pollock,club_1_event_1,Participant
club_1,Blayne Pollock,club_1_event_3,Participant
club_1,Bradley Mazur,club_1_event_2,Participant
club_1,Bradley Mazur,club_1_event_1,Participant
club_2,Bradley Mazur,club_2_event_1,Participant
club_1,Breanne Concepcion,club_1_event_1,Participant
club_3,Brennen Ellison,club_3_event_1,Participant
club_1,Brennen Ellison,club_1_event_1,Participant
club_1,Brennen Ellison,club_1_event_2,Participant
club_2,Brennen Ellison,club_2_event_2,Participant
club_2,Brennen Ellison,club_2_event_1,Participant
club_3,Brennen Ellison,club_3_event_2,Participant
club_2,Brennen Ellison,club_2_event_1,Participant
club_2,Brianna Embry,club_2_event_2,Participant
club_1,Brianna Embry,club_1_event_1,Participant
club_3,Brianna Embry,club_3_event_1,Participant
club_3,Brionna Grimes,club_3_event_2,organiser_2
club_3,Brionna Grimes,club_3_event_3,organiser_2
club_1,Brionna Grimes,club_1_event_2,Participant
club_1,Brionna Grimes,club_1_event_1,Participant
club_2,Brionna Grimes,club_2_event_1,Participant
club_3,Brionna Grimes,club_3_event_2,Participant
club_3,Brionna Grimes,club_3_event_3,Participant
club_3,Brionna Grimes,club_3_event_1,organiser_2
club_3,Britton Gillespie,club_3_event_3,Participant
club_1,Britton Gillespie,club_1_event_2,Participant
club_1,Britton Gillespie,club_1_event_1,Participant
club_2,Britton Gillespie,club_2_event_1,Participant
club_1,Cailyn Seward,club_1_event_2,Participant
club_2,Cailyn Seward,club_2_event_1,Participant
club_3,Cailyn Seward,club_3_event_2,Participant
club_2,Candace Barkley,club_2_event_2,Participant
club_3,Candace Barkley,club_3_event_1,Participant
club_2,Carlos Sullivan,club_2_event_2,Participant
club_3,Carlos Sullivan,club_3_event_1,Participant
club_1,Carlos Sullivan,club_1_event_1,Participant
club_2,Cathryn Duarte,club_2_event_1,Participant
club_3,Cathryn Duarte,club_3_event_2,Participant
club_1,Cathryn Duarte,club_1_event_2,Participant
club_3,Chanel Pickett,club_3_event_1,Participant
club_3,Chanel Pickett,club_3_event_2,Participant
club_2,Chanel Pickett,club_2_event_2,Participant
club_3,Charisma Wilbur,club_3_event_1,Participant
club_3,Charisma Wilbur,club_3_event_2,organiser_5
club_3,Charisma Wilbur,club_3_event_2,Participant
club_1,Charisma Wilbur,club_1_event_1,Participant
club_2,Charisma Wilbur,club_2_event_2,Participant
club_3,Chastity Hulsey,club_3_event_2,Participant
club_1,Chastity Hulsey,club_1_event_1,Participant
club_2,Chastity Lyle,club_2_event_1,Participant
club_1,Chelsey Dean,club_1_event_3,Participant
club_2,Chelsey Dean,club_2_event_3,Participant
club_3,Chelsey Dean,club_3_event_2,Participant
club_2,Chelsey Dean,club_2_event_2,Participant
club_1,Chelsey Dean,club_1_event_1,Participant
club_3,Chelsey Dean,club_3_event_3,Participant
club_3,Chelsey Dean,club_3_event_1,Participant
club_1,Christion Cohen,club_1_event_3,Participant
club_1,Christion Cohen,club_1_event_2,Participant
club_2,Christion Cohen,club_2_event_1,Participant
club_3,Christion Cohen,club_3_event_1,Participant
club_2,Christion Cohen,club_2_event_2,Participant
club_3,Christion Cohen,club_3_event_3,Participant
club_1,Christion Cohen,club_1_event_1,Participant
club_1,Christy Elliott,club_1_event_1,Participant
club_2,Christy Elliott,club_2_event_1,Participant
club_2,Christy Elliott,club_2_event_2,Participant
club_1,Christy Elliott,club_1_event_3,Participant
club_1,Christy Elliott,club_1_event_2,Participant
club_1,Ciera Almanza,club_1_event_1,Participant
club_3,Ciera Almanza,club_3_event_2,Participant
club_2,Ciera Almanza,club_2_event_3,Participant
club_2,Ciera Almanza,club_2_event_1,Participant
club_1,Ciera Almanza,club_1_event_2,Participant
club_3,Clyde Bolin,club_3_event_2,Participant
club_2,Clyde Bolin,club_2_event_2,Participant
club_1,Clyde Lindsay,club_1_event_2,Participant
club_3,Clyde Lindsay,club_3_event_1,Participant
club_2,Clyde Lindsay,club_2_event_1,Participant
club_3,Cody Garay,club_3_event_2,Participant
club_2,Cody Garay,club_2_event_2,Participant
club_3,Cody Garay,club_3_event_1,Participant
club_2,Cody Medina,club_2_event_3,Participant
club_1,Cody Medina,club_1_event_1,Participant
club_2,Coleman Peace,club_2_event_1,Participant
club_1,Coleman Peace,club_1_event_2,Participant
club_2,Colin Hughes,club_2_event_2,organiser_5
club_3,Colin Hughes,club_3_event_1,Participant
club_3,Cornelius Macias,club_3_event_1,Participant
club_2,Cornelius Macias,club_2_event_1,Participant
club_1,Cornelius Macias,club_1_event_3,Participant
club_3,Cornelius Macias,club_3_event_3,Participant
club_1,Cornelius Macias,club_1_event_2,Participant
club_2,Cornelius Macias,club_2_event_2,Participant
club_2,Cristobal Fallon,club_2_event_1,organiser_2
club_2,Cristobal Fallon,club_2_event_3,Participant
club_3,Cristobal Fallon,club_3_event_3,Participant
club_3,Cristobal Fallon,club_3_event_2,Participant
club_2,Cristobal Fallon,club_2_event_3,organiser_2
club_2,Cristobal Fallon,club_2_event_2,organiser_2
club_2,Cristobal Fallon,club_2_event_2,Participant
club_1,Crystal Leavitt,club_1_event_1,Participant
club_1,Crystal Leavitt,club_1_event_2,Participant
club_2,Crystal Leavitt,club_2_event_1,Participant
club_2,Daisha Yoon,club_2_event_3,organiser_3
club_2,Daisha Yoon,club_2_event_1,Participant
club_2,Daisha Yoon,club_2_event_1,organiser_3
club_2,Daisha Yoon,club_2_event_2,organiser_3
club_1,Daisha Yoon,club_1_event_2,Participant
club_1,Dakotah Boyer,club_1_event_2,Participant
club_2,Dakotah Boyer,club_2_event_1,Participant
club_1,Dakotah Boyer,club_1_event_1,Participant
club_3,Dakotah Boyer,club_3_event_3,Participant
club_3,Danielle Waldrop,club_3_event_2,Participant
club_2,Daria Daily,club_2_event_1,Participant
club_1,Daria Daily,club_1_event_2,Participant
club_1,Daria Daily,club_1_event_1,Participant
club_3,Darien Martens,club_3_event_2,Participant
club_1,Dario White,club_1_event_2,Participant
club_1,Dario White,club_1_event_1,Participant
club_2,Dario White,club_2_event_1,Participant
club_2,Darrion Barrios,club_2_event_1,Participant
club_1,Darrion Barrios,club_1_event_1,Participant
club_1,Darrion Barrios,club_1_event_2,Participant
club_3,Darrius Albers,club_3_event_2,Participant
club_3,Darrius Albers,club_3_event_1,Participant
club_3,Darrius Albers,club_3_event_3,Participant
club_2,Darrius Albers,club_2_event_2,Participant
club_1,Darrius Machado,club_1_event_1,Participant
club_2,Darrius Machado,club_2_event_3,Participant
club_2,Darrius Machado,club_2_event_1,Participant
club_1,Darrius Machado,club_1_event_2,Participant
club_1,Dayna Steele,club_1_event_2,organiser_3
club_2,Dayna Steele,club_2_event_3,Participant
club_1,Dayna Steele,club_1_event_3,Participant
club_1,Dayna Steele,club_1_event_1,organiser_3
club_3,Dayna Steele,club_3_event_3,Participant
club_2,Dayna Steele,club_2_event_1,Participant
club_1,Dayna Steele,club_1_event_2,Participant
club_3,Dayna Steele,club_3_event_2,Participant
club_1,Deangelo Neuman,club_1_event_1,Participant
club_1,Deangelo Neuman,club_1_event_3,Participant
club_1,Deangelo Neuman,club_1_event_2,Participant
club_3,Deangelo Neuman,club_3_event_1,Participant
club_3,Deangelo Neuman,club_3_event_2,Participant
club_2,Deangelo Neuman,club_2_event_3,Participant
club_2,Deangelo Neuman,club_2_event_1,Participant
club_2,Deangelo Neuman,club_2_event_2,Participant
club_3,Delanie Gilbertson,club_3_event_2,Participant
club_1,Delanie Gilbertson,club_1_event_2,Participant
club_2,Delanie Gilbertson,club_2_event_1,Participant
club_1,Delanie Gilbertson,club_1_event_1,Participant
club_3,Denise Minor,club_3_event_1,Participant
club_2,Denise Minor,club_2_event_2,Participant
club_3,Denise Minor,club_3_event_2,Participant
club_1,Devyn Ewing,club_1_event_1,Participant
club_1,Devyn Ewing,club_1_event_3,Participant
club_2,Dexter Dunne,club_2_event_1,Participant
club_1,Dexter Dunne,club_1_event_1,Participant
club_1,Dexter Dunne,club_1_event_2,Participant
club_2,Doris Prado,club_2_event_2,Participant
club_1,Doris Prado,club_1_event_2,Participant
club_2,Doris Prado,club_2_event_1,Participant
club_3,Doris Prado,club_3_event_1,Participant
club_3,Doris Prado,club_3_event_2,Participant
club_1,Eden Ring,club_1_event_1,Participant
club_2,Eden Ring,club_2_event_3,Participant
club_2,Eden Ring,club_2_event_1,Participant
club_3,Eden Ring,club_3_event_2,Participant
club_1,Eden Ring,club_1_event_2,Participant
club_1,Elena Altamirano,club_1_event_1,Participant
club_3,Elena Altamirano,club_3_event_2,Participant
club_2,Elliot Held,club_2_event_1,Participant
club_1,Elliot Held,club_1_event_2,Participant
club_3,Emerson Samuel,club_3_event_1,Participant
club_2,Evelin Bradley,club_2_event_3,organiser_1
club_2,Evelin Bradley,club_2_event_2,organiser_1
club_2,Evelin Bradley,club_2_event_1,organiser_1
club_1,Evelin Bradley,club_1_event_2,Participant
club_2,Evelin Bradley,club_2_event_2,Participant
club_3,Evelin Bradley,club_3_event_1,Participant
club_1,Evelin Bradley,club_1_event_1,Participant
club_2,Evelin Bradley,club_2_event_1,Participant
club_2,Everardo Cronin,club_2_event_2,Participant
club_3,Everardo Cronin,club_3_event_1,Participant
club_3,Everardo Cronin,club_3_event_2,Participant
club_1,Everett Flood,club_1_event_1,Participant
club_1,Everett Flood,club_1_event_3,Participant
club_3,Everett Flood,club_3_event_1,Participant
club_3,Everett Flood,club_3_event_3,Participant
club_2,Everett Flood,club_2_event_2,Participant
club_3,Everett Flood,club_3_event_2,Participant
club_2,Ezra Lord,club_2_event_1,Participant
club_2,Ezra Lord,club_2_event_3,Participant
club_1,Ezra Lord,club_1_event_2,Participant
club_3,Fernando Segovia,club_3_event_1,Participant
club_1,Fernando Segovia,club_1_event_3,Participant
club_2,Fernando Segovia,club_2_event_2,Participant
club_3,Fernando Segovia,club_3_event_3,Participant
club_1,Frank Halstead,club_1_event_3,Participant
club_3,Frank Halstead,club_3_event_1,Participant
club_3,Frank Halstead,club_3_event_2,Participant
club_2,Frank Halstead,club_2_event_3,Participant
club_1,Frank Halstead,club_1_event_1,Participant
club_2,Frank Halstead,club_2_event_2,Participant
club_3,Gabriel Hitchcock,club_3_event_2,Participant
club_1,Gabriel Hitchcock,club_1_event_2,Participant
club_2,Gabriel Hitchcock,club_2_event_1,Participant
club_3,Galilea Villasenor,club_3_event_1,Participant
club_2,Galilea Villasenor,club_2_event_2,Participant
club_3,Galilea Villasenor,club_3_event_2,Participant
club_1,Galilea Villasenor,club_1_event_1,Participant
club_2,Garret Cockrell,club_2_event_1,Participant
club_3,Garret Cockrell,club_3_event_2,Participant
club_2,Garret Cockrell,club_2_event_1,Participant
club_1,Garret Cockrell,club_1_event_1,Participant
club_1,Garret Cockrell,club_1_event_2,Participant
club_1,Giovanna Fugate,club_1_event_1,Participant
club_3,Giovanna Fugate,club_3_event_1,Participant
club_1,Gisselle Thornton,club_1_event_1,Participant
club_3,Grady Sample,club_3_event_1,Participant
club_1,Grady Sample,club_1_event_2,Participant
club_2,Grady Sample,club_2_event_2,Participant
club_1,Grady Sample,club_1_event_3,Participant
club_1,Grady Sample,club_1_event_1,Participant
club_3,Grady Sample,club_3_event_3,Participant
club_2,Grady Sample,club_2_event_1,Participant
club_1,Grayson Heim,club_1_event_2,Participant
club_2,Grayson Heim,club_2_event_2,Participant
club_2,Grayson Heim,club_2_event_1,Participant
club_1,Grayson Heim,club_1_event_1,Participant
club_1,Gretchen Clawson,club_1_event_2,Participant
club_2,Gretchen Clawson,club_2_event_1,Participant
club_3,Gretchen Clawson,club_3_event_1,Participant
club_3,Gretchen Clawson,club_3_event_2,Participant
club_2,Gretchen Clawson,club_2_event_2,Participant
club_3,Griselda Acuna,club_3_event_1,Participant
club_1,Griselda Acuna,club_1_event_2,Participant
club_2,Griselda Acuna,club_2_event_1,Participant
club_2,Griselda Acuna,club_2_event_2,Participant
club_3,Griselda Acuna,club_3_event_2,Participant
club_3,Guillermo Hackney,club_3_event_2,Participant
club_2,Guillermo Hackney,club_2_event_3,organiser_5
club_3,Guillermo Hackney,club_3_event_1,Participant
club_2,Guillermo Hackney,club_2_event_2,Participant
club_2,Guillermo Hackney,club_2_event_1,Participant
club_1,Guillermo Hackney,club_1_event_2,Participant
club_2,Guillermo Hackney,club_2_event_1,organiser_5
club_2,Gustavo Mull,club_2_event_3,Participant
club_3,Gustavo Mull,club_3_event_3,Participant
club_3,Gustavo Mull,club_3_event_1,Participant
club_1,Gustavo Mull,club_1_event_1,Participant
club_2,Gustavo Mull,club_2_event_1,Participant
club_3,Gustavo Mull,club_3_event_2,Participant
club_1,Gustavo Mull,club_1_event_3,Participant
club_2,Gustavo Mull,club_2_event_2,Participant
club_3,Hamza Caswell,club_3_event_2,Participant
club_2,Hamza Caswell,club_2_event_2,Participant
club_3,Hamza Caswell,club_3_event_1,Participant
club_1,Hamza Caswell,club_1_event_1,Participant
club_1,Haylie Garay,club_1_event_1,Participant
club_1,Heidi Whitmore,club_1_event_3,Participant
club_3,Heidi Whitmore,club_3_event_1,Participant
club_2,Heidi Whitmore,club_2_event_1,Participant
club_3,Heidi Whitmore,club_3_event_3,Participant
club_2,Heidi Whitmore,club_2_event_3,Participant
club_3,Heidi Whitmore,club_3_event_2,Participant
club_2,Heidi Whitmore,club_2_event_2,Participant
club_2,Henry Johansen,club_2_event_1,Participant
club_2,Henry Johansen,club_2_event_3,Participant
club_3,Henry Johansen,club_3_event_2,Participant
club_1,Henry Johansen,club_1_event_2,Participant
club_1,Herman Turley,club_1_event_2,Participant
club_2,Herman Turley,club_2_event_2,Participant
club_2,Herman Turley,club_2_event_1,Participant
club_3,Herman Turley,club_3_event_1,Participant
club_1,Holland Foy,club_1_event_2,Participant
club_2,Holland Foy,club_2_event_1,Participant
club_3,Holland Foy,club_3_event_2,Participant
club_3,Hudson Guzman,club_3_event_2,Participant
club_2,Ibrahim Sun,club_2_event_3,Participant
club_3,Ibrahim Sun,club_3_event_2,Participant
club_2,Ibrahim Sun,club_2_event_2,Participant
club_1,Ibrahim Sun,club_1_event_2,Participant
club_3,Ibrahim Sun,club_3_event_1,Participant
club_1,Ibrahim Sun,club_1_event_3,Participant
club_2,Ibrahim Sun,club_2_event_1,Participant
club_2,Ireland Bernier,club_2_event_2,Participant
club_1,Ireland Bernier,club_1_event_1,Participant
club_3,Ireland Bernier,club_3_event_1,Participant
club_3,Irvin Lira,club_3_event_1,Participant
club_3,Irvin Lira,club_3_event_2,Participant
club_1,Irvin Lira,club_1_event_1,Participant
club_2,Irvin Lira,club_2_event_1,Participant
club_1,Irvin Lira,club_1_event_2,Participant
club_1,Jacey Dillon,club_1_event_1,Participant
club_3,Jacey Dillon,club_3_event_1,Participant
club_2,Jacey Dillon,club_2_event_2,Participant
club_2,Jacy Tipton,club_2_event_2,Participant
club_3,Jacy Tipton,club_3_event_2,Participant
club_3,Jacy Tipton,club_3_event_1,Participant
club_2,Jadon Vandyke,club_2_event_1,Participant
club_1,Jadon Vandyke,club_1_event_2,Participant
club_1,Jalin Milligan,club_1_event_2,Participant
club_2,Jalin Milligan,club_2_event_2,Participant
club_3,Jalin Milligan,club_3_event_2,Participant
club_2,Jalin Milligan,club_2_event_1,Participant
club_3,Jalin Milligan,club_3_event_1,Participant
club_2,James Patrick,club_2_event_2,Participant
club_3,James Patrick,club_3_event_1,Participant
club_3,Janell Hager,club_3_event_3,Participant
club_2,Janell Hager,club_2_event_3,Participant
club_1,Janell Hager,club_1_event_1,Participant
club_2,Janell Hager,club_2_event_1,Participant
club_1,Janell Hager,club_1_event_2,Participant
club_3,Janell Hager,club_3_event_2,Participant
club_1,Janie Reddy,club_1_event_2,Participant
club_3,Janie Reddy,club_3_event_1,Participant
club_3,Janine McCormack,club_3_event_2,Participant
club_2,Janine McCormack,club_2_event_1,Participant
club_3,Janine McCormack,club_3_event_1,Participant
club_2,Janine McCormack,club_2_event_2,Participant
club_1,Janine McCormack,club_1_event_1,Participant
club_3,Jaquelin Duran,club_3_event_2,Participant
club_2,Jaquelin Duran,club_2_event_1,Participant
club_1,Jaquelin Duran,club_1_event_2,Participant
club_2,Jared Gulley,club_2_event_2,Participant
club_1,Jared Gulley,club_1_event_3,Participant
club_3,Jared Gulley,club_3_event_1,Participant
club_1,Jared Gulley,club_1_event_1,Participant
club_2,Jarrett Murry,club_2_event_2,Participant
club_2,Jarrett Murry,club_2_event_3,Participant
club_3,Jarrett Murry,club_3_event_1,Participant
club_3,Jarrett Murry,club_3_event_2,Participant
club_1,Jarrett Murry,club_1_event_3,Participant
club_2,Jase Franz,club_2_event_2,Participant
club_3,Jase Franz,club_3_event_1,Participant
club_3,Javier Breaux,club_3_event_1,Participant
club_2,Javier Breaux,club_2_event_3,Participant
club_3,Javier Breaux,club_3_event_2,Participant
club_1,Javier Breaux,club_1_event_1,Participant
club_2,Javier Breaux,club_2_event_1,Participant
club_1,Javier Breaux,club_1_event_2,Participant
club_3,Javier Breaux,club_3_event_3,Participant
club_2,Javier Shipley,club_2_event_2,Participant
club_1,Javier Shipley,club_1_event_3,Participant
club_3,Jaylan Conway,club_3_event_2,Participant
club_2,Jaylan Conway,club_2_event_1,Participant
club_1,Jaylan Conway,club_1_event_2,Participant
club_2,Jaylan Krieger,club_2_event_1,Participant
club_3,Jaylan Krieger,club_3_event_1,Participant
club_1,Jaylan Krieger,club_1_event_1,Participant
club_2,Jaylan Krieger,club_2_event_2,Participant
club_1,Jaylan Krieger,club_1_event_2,Participant
club_3,Jayvon Kirk,club_3_event_1,Participant
club_3,Jayvon Kirk,club_3_event_1,Participant
club_1,Jayvon Kirk,club_1_event_1,Participant
club_2,Jayvon Kirk,club_2_event_1,Participant
club_3,Jayvon Kirk,club_3_event_2,Participant
club_1,Jayvon Kirk,club_1_event_2,Participant
club_2,Jazmyn Schmid,club_2_event_1,Participant
club_1,Jazmyn Schmid,club_1_event_2,Participant
club_3,Jedidiah Clarkson,club_3_event_3,Participant
club_2,Jedidiah Clarkson,club_2_event_1,Participant
club_3,Jedidiah Clarkson,club_3_event_2,Participant
club_3,Jedidiah Clarkson,club_3_event_1,Participant
club_2,Jedidiah Clarkson,club_2_event_2,Participant
club_1,Jedidiah Clarkson,club_1_event_3,Participant
club_1,Jedidiah Clarkson,club_1_event_2,Participant
club_1,Jenny Barksdale,club_1_event_1,Participant
club_1,Jenny Barksdale,club_1_event_2,Participant
club_2,Jenny Barksdale,club_2_event_1,Participant
club_3,Jenny Barksdale,club_3_event_2,Participant
club_3,Jessenia Perales,club_3_event_2,Participant
club_1,Jessenia Perales,club_1_event_1,Participant
club_1,Jessenia Perales,club_1_event_2,Participant
club_2,Jessenia Perales,club_2_event_1,Participant
club_1,Joaquin Crist,club_1_event_1,Participant
club_3,Joaquin Crist,club_3_event_1,Participant
club_1,Joaquin Crist,club_1_event_2,Participant
club_3,Joaquin Crist,club_3_event_2,Participant
club_2,Joaquin Crist,club_2_event_2,Participant
club_2,Joaquin Crist,club_2_event_1,Participant
club_1,Joaquin Crist,club_1_event_3,Participant
club_3,Joaquin Crist,club_3_event_3,Participant
club_2,Joaquin Crist,club_2_event_3,Participant
club_2,Jocelyn Fitzsimmons,club_2_event_2,Participant
club_3,Jocelyn Fitzsimmons,club_3_event_2,Participant
club_3,Jocelyn Fitzsimmons,club_3_event_1,Participant
club_1,Jocelyn Fitzsimmons,club_1_event_2,Participant
club_3,Jocelyn Fitzsimmons,club_3_event_3,Participant
club_1,Jocelyn Fitzsimmons,club_1_event_3,Participant
club_2,Jocelyn Fitzsimmons,club_2_event_1,Participant
club_3,Johnathon Leger,club_3_event_2,Participant
club_1,Johnathon Leger,club_1_event_1,Participant
club_3,Johnny Toney,club_3_event_2,Participant
club_2,Johnny Toney,club_2_event_1,Participant
club_1,Johnny Toney,club_1_event_2,Participant
club_2,Johnson Schuler,club_2_event_1,Participant
club_1,Johnson Schuler,club_1_event_2,Participant
club_3,Johnson Schuler,club_3_event_2,Participant
club_3,Jonatan Moses,club_3_event_1,Participant
club_2,Jonatan Moses,club_2_event_2,Participant
club_2,Jordi Tam,club_2_event_1,Participant
club_3,Jordi Tam,club_3_event_2,Participant
club_1,Jordi Tam,club_1_event_2,Participant
club_1,Jordi Tam,club_1_event_1,Participant
club_2,Josef Finney,club_2_event_1,Participant
club_1,Joselyn Barrow,club_1_event_3,Participant
club_1,Joselyn Barrow,club_1_event_1,Participant
club_2,Joselyn Barrow,club_2_event_2,Participant
club_3,Joselyn Barrow,club_3_event_1,Participant
club_3,Joselyn Barrow,club_3_event_3,Participant
club_2,Jude Golden,club_2_event_1,Participant
club_1,Jude Golden,club_1_event_2,Participant
club_2,Judith Howland,club_2_event_3,Participant
club_3,Judith Howland,club_3_event_2,Participant
club_2,Judith Howland,club_2_event_2,Participant
club_1,Judith Howland,club_1_event_1,Participant
club_3,Judith Howland,club_3_event_1,Participant
club_1,Judith Howland,club_1_event_3,Participant
club_1,Justyn Goetz,club_1_event_1,Participant
club_1,Justyn Goetz,club_1_event_2,Participant
club_2,Justyn Goetz,club_2_event_2,organiser_4
club_2,Justyn Goetz,club_2_event_1,organiser_4
club_2,Justyn Goetz,club_2_event_3,Participant
club_2,Justyn Goetz,club_2_event_3,organiser_4
club_2,Justyn Goetz,club_2_event_1,Participant
club_1,Justyn Goetz,club_1_event_3,organiser_5
club_1,Justyn Goetz,club_1_event_2,organiser_5
club_3,Justyn Goetz,club_3_event_3,Participant
club_1,Justyn Goetz,club_1_event_1,organiser_5
club_2,Kala Greenfield,club_2_event_1,Participant
club_3,Kala Greenfield,club_3_event_2,Participant
club_3,Kalee Casillas,club_3_event_1,Participant
club_1,Kalee Casillas,club_1_event_2,Participant
club_2,Kalee Casillas,club_2_event_1,Participant
club_2,Kalee Casillas,club_2_event_2,Participant
club_1,Kalen Logan,club_1_event_1,Participant
club_3,Kalen Logan,club_3_event_3,organiser_3
club_1,Kalen Logan,club_1_event_1,Participant
club_1,Kalen Logan,club_1_event_2,Participant
club_3,Kalen Logan,club_3_event_2,Participant
club_3,Kalen Logan,club_3_event_2,organiser_3
club_2,Kalen Logan,club_2_event_1,Participant
club_3,Kalen Logan,club_3_event_1,organiser_3
club_2,Kalista Whiteside,club_2_event_2,Participant
club_3,Kalista Whiteside,club_3_event_1,Participant
club_1,Kalista Whiteside,club_1_event_3,Participant
club_3,Kalista Whiteside,club_3_event_3,Participant
club_1,Kallie Everett,club_1_event_1,Participant
club_2,Kallie Everett,club_2_event_2,Participant
club_3,Karla Parris,club_3_event_3,Participant
club_1,Karla Parris,club_1_event_3,Participant
club_1,Karla Parris,club_1_event_1,Participant
club_2,Karla Parris,club_2_event_2,Participant
club_3,Karla Parris,club_3_event_1,Participant
club_3,Katelynn Harlow,club_3_event_1,Participant
club_1,Katelynn Harlow,club_1_event_2,Participant
club_1,Katelynn Harlow,club_1_event_3,Participant
club_2,Katelynn Harlow,club_2_event_1,Participant
club_2,Katelynn Harlow,club_2_event_3,Participant
club_2,Katelynn Harlow,club_2_event_2,Participant
club_3,Katelynn Harlow,club_3_event_2,Participant
club_1,Katelynn Harlow,club_1_event_1,Participant
club_1,Kathrine Leone,club_1_event_1,Participant
club_3,Kathrine Leone,club_3_event_1,organiser_1
club_3,Kathrine Leone,club_3_event_2,organiser_1
club_3,Kathrine Leone,club_3_event_2,Participant
club_3,Kathrine Leone,club_3_event_3,Participant
club_3,Kathrine Leone,club_3_event_3,organiser_1
club_1,Kaycee Carlin,club_1_event_1,Participant
club_3,Kaycee Carlin,club_3_event_1,Participant
club_1,Kaycee Carlin,club_1_event_2,Participant
club_2,Kaycee Carlin,club_2_event_1,Participant
club_3,Kaycee Coker,club_3_event_3,Participant
club_1,Kaycee Coker,club_1_event_1,Participant
club_1,Kayleigh Koenig,club_1_event_2,Participant
club_2,Kayleigh Koenig,club_2_event_1,Participant
club_1,Kelsie Segura,club_1_event_1,Participant
club_3,Kelsie Segura,club_3_event_2,Participant
club_2,Kendrick Valadez,club_2_event_2,Participant
club_3,Kendrick Valadez,club_3_event_1,Participant
club_2,Kenton Trejo,club_2_event_2,Participant
club_2,Kenton Trejo,club_2_event_1,Participant
club_1,Kenton Trejo,club_1_event_3,Participant
club_1,Kenton Trejo,club_1_event_1,Participant
club_1,Kenton Trejo,club_1_event_2,Participant
club_3,Kenton Trejo,club_3_event_1,Participant
club_1,Kenzie Meier,club_1_event_1,Participant
club_2,Kenzie Meier,club_2_event_3,Participant
club_3,Kenzie Meier,club_3_event_2,Participant
club_2,Kenzie Meier,club_2_event_2,Participant
club_3,Kenzie Meier,club_3_event_3,Participant
club_1,Keri Carrier,club_1_event_3,Participant
club_2,Keri Carrier,club_2_event_2,Participant
club_3,Keri Carrier,club_3_event_3,Participant
club_1,Keri Carrier,club_1_event_2,Participant
club_2,Keri Carrier,club_2_event_1,Participant
club_2,Keyana Grubbs,club_2_event_2,Participant
club_1,Keyana Grubbs,club_1_event_1,Participant
club_3,Keyana Grubbs,club_3_event_1,Participant
club_3,Keyla Gorman,club_3_event_1,Participant
club_1,Keyla Gorman,club_1_event_1,Participant
club_2,Keyla Gorman,club_2_event_2,Participant
club_3,Kiara Jauregui,club_3_event_2,Participant
club_2,Kiara Jauregui,club_2_event_3,Participant
club_1,Kiara Jauregui,club_1_event_1,Participant
club_1,Kiara Jauregui,club_1_event_2,Participant
club_3,Kiara Jauregui,club_3_event_3,Participant
club_2,Kiara Jauregui,club_2_event_1,Participant
club_3,Kierstin Millard,club_3_event_3,Participant
club_2,Kierstin Millard,club_2_event_3,Participant
club_3,Kierstin Millard,club_3_event_2,Participant
club_1,Kierstin Millard,club_1_event_3,Participant
club_3,Kierstin Millard,club_3_event_1,Participant
club_2,Kierstin Millard,club_2_event_2,Participant
club_2,Kierstin Romano,club_2_event_2,Participant
club_2,Kierstin Romano,club_2_event_3,Participant
club_3,Kierstin Romano,club_3_event_1,Participant
club_1,Kierstin Romano,club_1_event_1,Participant
club_3,Kierstin Romano,club_3_event_2,Participant
club_1,Kierstin Romano,club_1_event_3,Participant
club_3,Killian Ratliff,club_3_event_1,Participant
club_3,Killian Ratliff,club_3_event_3,Participant
club_1,Killian Ratliff,club_1_event_1,Participant
club_1,Killian Ratliff,club_1_event_3,Participant
club_3,Killian Ratliff,club_3_event_2,Participant
club_1,Killian Ratliff,club_1_event_2,Participant
club_2,Killian Ratliff,club_2_event_2,Participant
club_2,Killian Ratliff,club_2_event_3,Participant
club_2,Kinley Stallings,club_2_event_1,Participant
club_2,Kobe Barrientos,club_2_event_2,Participant
club_3,Kobe Barrientos,club_3_event_2,Participant
club_3,Kobe Barrientos,club_3_event_1,Participant
club_2,Kobe Barrientos,club_2_event_3,Participant
club_3,Kobe Barrientos,club_3_event_3,Participant
club_3,Kristian Jansen,club_3_event_2,Participant
club_2,Kristian Jansen,club_2_event_1,Participant
club_1,Kristian Jansen,club_1_event_2,Participant
club_3,Latrell Easley,club_3_event_1,Participant
club_1,Latrell Easley,club_1_event_2,Participant
club_1,Latrell Easley,club_1_event_3,Participant
club_2,Latrell Easley,club_2_event_2,Participant
club_2,Latrell Easley,club_2_event_1,Participant
club_1,Latrell Easley,club_1_event_1,Participant
club_2,Leah Root,club_2_event_2,Participant
club_1,Leah Root,club_1_event_2,Participant
club_3,Leah Root,club_3_event_1,Participant
club_2,Leah Root,club_2_event_1,Participant
club_3,Lewis Breedlove,club_3_event_1,Participant
club_3,Lewis Breedlove,club_3_event_2,Participant
club_1,Lewis Breedlove,club_1_event_3,Participant
club_3,Lewis Breedlove,club_3_event_3,Participant
club_2,Lewis Breedlove,club_2_event_3,Participant
club_1,Lexis Whitley,club_1_event_2,Participant
club_1,Lexis Whitley,club_1_event_3,Participant
club_2,Lexis Whitley,club_2_event_1,Participant
club_3,Lexis Whitley,club_3_event_3,Participant
club_2,Lexis Whitley,club_2_event_2,Participant
club_1,Lexis Whitley,club_1_event_1,Participant
club_2,Linda Brennan,club_2_event_2,Participant
club_1,Linda Brennan,club_1_event_2,Participant
club_2,Linda Brennan,club_2_event_1,Participant
club_1,Linda Brennan,club_1_event_3,Participant
club_3,Linda Brennan,club_3_event_2,Participant
club_3,Linda Brennan,club_3_event_1,Participant
club_2,Linda Brennan,club_2_event_3,Participant
club_1,Linda Brennan,club_1_event_1,Participant
club_3,Litzy Moyer,club_3_event_1,Participant
club_1,Litzy Moyer,club_1_event_2,Participant
club_2,Litzy Moyer,club_2_event_2,Participant
club_3,Litzy Moyer,club_3_event_3,Participant
club_1,Litzy Moyer,club_1_event_1,Participant
club_2,Litzy Moyer,club_2_event_1,Participant
club_1,Litzy Moyer,club_1_event_3,Participant
club_2,Litzy Moyer,club_2_event_3,Participant
club_3,Litzy Moyer,club_3_event_2,Participant
club_2,Lorena Lamar,club_2_event_1,Participant
club_2,Lorena Lamar,club_2_event_2,Participant
club_3,Lorena Lamar,club_3_event_2,Participant
club_3,Lorena Lamar,club_3_event_2,Participant
club_3,Lorena Lamar,club_3_event_1,Participant
club_2,Lori Gill,club_2_event_1,Participant
club_2,Lori Gill,club_2_event_3,Participant
club_1,Lori Gill,club_1_event_1,Participant
club_3,Lori Gill,club_3_event_3,Participant
club_1,Lori Gill,club_1_event_2,Participant
club_3,Lori Gill,club_3_event_2,Participant
club_2,Louis Samuels,club_2_event_2,Participant
club_3,Louis Samuels,club_3_event_1,Participant
club_1,Louis Samuels,club_1_event_3,Participant
club_3,Louis Samuels,club_3_event_3,Participant
club_1,Louis Samuels,club_1_event_2,Participant
club_2,Louis Samuels,club_2_event_1,Participant
club_1,Lucia Cody,club_1_event_2,Participant
club_2,Lucia Cody,club_2_event_1,Participant
club_2,Luciano Sims,club_2_event_2,Participant
club_2,Luciano Sims,club_2_event_1,Participant
club_3,Luciano Sims,club_3_event_1,Participant
club_1,Luciano Sims,club_1_event_3,Participant
club_1,Luciano Sims,club_1_event_2,Participant
club_3,Lukas McGee,club_3_event_2,Participant
club_1,Lukas McGee,club_1_event_3,Participant
club_2,Lukas McGee,club_2_event_3,Participant
club_3,Lukas McGee,club_3_event_3,Participant
club_3,Lukas McGee,club_3_event_1,Participant
club_1,Lyndsay Schuler,club_1_event_1,Participant
club_2,Lyndsay Schuler,club_2_event_1,Participant
club_1,Lyndsay Schuler,club_1_event_2,Participant
club_2,Mallorie Saenz,club_2_event_2,Participant
club_3,Mallorie Saenz,club_3_event_1,Participant
club_3,Mallorie Saenz,club_3_event_2,Participant
club_2,Mallorie Saenz,club_2_event_1,Participant
club_1,Mallorie Saenz,club_1_event_2,Participant
club_3,Maranda Dunaway,club_3_event_2,Participant
club_2,Maranda Dunaway,club_2_event_3,Participant
club_1,Maranda Dunaway,club_1_event_1,Participant
club_2,Marcello Weber,club_2_event_3,Participant
club_2,Marcello Weber,club_2_event_1,Participant
club_1,Marcello Weber,club_1_event_2,Participant
club_1,Marcello Weber,club_1_event_3,Participant
club_3,Marcello Weber,club_3_event_2,Participant
club_2,Marcello Weber,club_2_event_2,Participant
club_3,Marcello Weber,club_3_event_1,Participant
club_2,Marco Rand,club_2_event_1,Participant
club_3,Marco Rand,club_3_event_3,Participant
club_1,Marco Rand,club_1_event_1,Participant
club_1,Marco Rand,club_1_event_2,Participant
club_3,Marco Rand,club_3_event_2,Participant
club_2,Marco Rand,club_2_event_3,Participant
club_3,Margaret Krebs,club_3_event_2,Participant
club_1,Matthias Cordero,club_1_event_1,Participant
club_2,Matthias Cordero,club_2_event_1,Participant
club_2,Matthias Cordero,club_2_event_2,Participant
club_1,Matthias Cordero,club_1_event_2,Participant
club_2,Maxim Turk,club_2_event_2,Participant
club_1,Maxim Turk,club_1_event_1,Participant
club_3,Maxim Turk,club_3_event_1,Participant
club_3,Mckenzie Finn,club_3_event_1,organiser_4
club_3,Mckenzie Hitchcock,club_3_event_2,organiser_4
club_1,Mckenzie Hitchcock,club_1_event_1,Participant
club_3,Mckenzie Hitchcock,club_3_event_3,organiser_4
club_3,Mckenzie Hitchcock,club_3_event_3,Participant
club_3,Mckenzie Hitchcock,club_3_event_1,Participant
club_1,Milo Greenfield,club_1_event_2,Participant
club_3,Milo Greenfield,club_3_event_2,Participant
club_2,Milo Greenfield,club_2_event_1,Participant
club_2,Milo Greenfield,club_2_event_2,Participant
club_3,Milo Greenfield,club_3_event_1,Participant
club_3,Mireya Godfrey,club_3_event_1,Participant
club_2,Mireya Godfrey,club_2_event_2,Participant
club_2,Misty Lavoie,club_2_event_1,Participant
club_1,Misty Lavoie,club_1_event_1,Participant
club_1,Misty Lavoie,club_1_event_2,Participant
club_2,Monet Wallace,club_2_event_1,Participant
club_1,Monet Wallace,club_1_event_2,Participant
club_3,Monserrat Lomax,club_3_event_2,Participant
club_3,Nancy Lamb,club_3_event_1,Participant
club_2,Nancy Lamb,club_2_event_2,Participant
club_1,Nancy Lamb,club_1_event_1,Participant
club_1,Nancy Lamb,club_1_event_2,Participant
club_3,Natalya Garvin,club_3_event_3,Participant
club_2,Natalya Garvin,club_2_event_3,Participant
club_2,Natalya Garvin,club_2_event_1,Participant
club_1,Natalya Garvin,club_1_event_2,Participant
club_2,Natalya Garvin,club_2_event_2,Participant
club_1,Natalya Garvin,club_1_event_1,Participant
club_1,Natalya Garvin,club_1_event_3,Participant
club_3,Natalya Garvin,club_3_event_1,Participant
club_3,Nigel Bunn,club_3_event_2,Participant
club_3,Nora Snyder,club_3_event_1,Participant
club_1,Nora Snyder,club_1_event_1,Participant
club_2,Nora Snyder,club_2_event_2,Participant
club_1,Patricia Gross,club_1_event_1,Participant
club_1,Peyton Ashford,club_1_event_1,Participant
club_3,Phoenix Fontaine,club_3_event_3,Participant
club_2,Phoenix Fontaine,club_2_event_2,Participant
club_3,Phoenix Thai,club_3_event_1,Participant
club_1,Phoenix Thai,club_1_event_2,Participant
club_1,Phoenix Thai,club_1_event_3,Participant
club_2,Phoenix Thai,club_2_event_1,Participant
club_2,Quinton Taylor,club_2_event_2,Participant
club_1,Quinton Taylor,club_1_event_1,Participant
club_3,Quinton Taylor,club_3_event_2,Participant
club_3,Quinton Taylor,club_3_event_1,Participant
club_2,Raelyn Steward,club_2_event_3,Participant
club_3,Raelyn Steward,club_3_event_2,Participant
club_1,Raelyn Steward,club_1_event_1,Participant
club_1,Rafael Mansfield,club_1_event_2,Participant
club_3,Rashawn Balderas,club_3_event_1,Participant
club_2,Rashawn Balderas,club_2_event_2,Participant
club_3,Ray Mcneely,club_3_event_1,Participant
club_2,Ray Mcneely,club_2_event_2,Participant
club_3,Ray Mcneely,club_3_event_3,Participant
club_3,Ray Mcneely,club_3_event_2,Participant
club_1,Raymundo Benavides,club_1_event_2,Participant
club_2,Raymundo Benavides,club_2_event_1,Participant
club_3,Raymundo Benavides,club_3_event_1,Participant
club_1,Raymundo Benavides,club_1_event_1,Participant
club_2,Raymundo Benavides,club_2_event_2,Participant
club_3,Raymundo Zapata,club_3_event_1,Participant
club_2,Raymundo Zapata,club_2_event_3,Participant
club_2,Raymundo Zapata,club_2_event_2,Participant
club_1,Raymundo Zapata,club_1_event_3,Participant
club_3,Raymundo Zapata,club_3_event_2,Participant
club_2,Reagan Houghton,club_2_event_2,Participant
club_3,Reagan Houghton,club_3_event_1,Participant
club_2,Reagan Houghton,club_2_event_1,Participant
club_1,Reagan Houghton,club_1_event_2,Participant
club_1,Reanna Dover,club_1_event_2,Participant
club_1,Reanna Dover,club_1_event_1,Participant
club_3,River Feliciano,club_3_event_1,Participant
club_2,River Feliciano,club_2_event_2,Participant
club_2,Robyn Dickey,club_2_event_1,Participant
club_3,Robyn Dickey,club_3_event_2,Participant
club_1,Robyn Dickey,club_1_event_2,Participant
club_1,Robyn Guzman,club_1_event_2,Participant
club_2,Robyn Guzman,club_2_event_1,Participant
club_3,Robyn Guzman,club_3_event_2,Participant
club_1,Robyn Guzman,club_1_event_1,Participant
club_3,Ronan Baggett,club_3_event_1,Participant
club_3,Ronan Baggett,club_3_event_2,Participant
club_1,Ronan Baggett,club_1_event_1,Participant
club_2,Ronan Baggett,club_2_event_2,Participant
club_3,Rowan Paquette,club_3_event_2,Participant
club_1,Rowan Paquette,club_1_event_1,Participant
club_2,Roxanna McNair,club_2_event_2,Participant
club_3,Roxanna McNair,club_3_event_1,Participant
club_3,Rudy Bradley,club_3_event_1,Participant
club_1,Rudy Bradley,club_1_event_3,Participant
club_2,Rudy Bradley,club_2_event_2,Participant
club_3,Rudy Bradley,club_3_event_2,Participant
club_2,Rudy Bradley,club_2_event_3,Participant
club_1,Rudy Bradley,club_1_event_1,Participant
club_3,Rudy Bradley,club_3_event_3,Participant
club_1,Rylie Gomez,club_1_event_2,Participant
club_3,Rylie Gomez,club_3_event_3,Participant
club_2,Rylie Gomez,club_2_event_2,Participant
club_1,Rylie Gomez,club_1_event_3,Participant
club_2,Rylie Gomez,club_2_event_1,Participant
club_3,Rylie Gomez,club_3_event_1,Participant
club_1,Sage Schrock,club_1_event_1,Participant
club_3,Sage Schrock,club_3_event_1,Participant
club_1,Sage Schrock,club_1_event_3,Participant
club_3,Sage Schrock,club_3_event_3,Participant
club_2,Sage Schrock,club_2_event_1,Participant
club_2,Sage Schrock,club_2_event_2,Participant
club_1,Sage Schrock,club_1_event_2,Participant
club_2,Samira Baer,club_2_event_2,Participant
club_3,Samira Baer,club_3_event_1,Participant
club_1,Samira Baer,club_1_event_3,Participant
club_3,Sana Fairbanks,club_3_event_2,Participant
club_3,Sana Fairbanks,club_3_event_1,Participant
club_2,Sana Fairbanks,club_2_event_2,Participant
club_1,Sana Fairbanks,club_1_event_1,Participant
club_2,Sanjana Cornwell,club_2_event_2,Participant
club_3,Sanjana Cornwell,club_3_event_1,Participant
club_3,Sanjana Cornwell,club_3_event_2,Participant
club_1,Sanjana Cornwell,club_1_event_1,Participant
club_2,Santiago Nadeau,club_2_event_1,Participant
club_3,Santiago Nadeau,club_3_event_3,Participant
club_3,Santiago Nadeau,club_3_event_1,Participant
club_2,Santiago Nadeau,club_2_event_2,Participant
club_1,Santiago Nadeau,club_1_event_2,Participant
club_2,Santiago Nadeau,club_2_event_3,Participant
club_1,Santiago Nadeau,club_1_event_1,Participant
club_1,Santiago Nadeau,club_1_event_3,Participant
club_3,Santiago Nadeau,club_3_event_2,Participant
club_2,Sean Guthrie,club_2_event_2,Participant
club_3,Sean Guthrie,club_3_event_1,Participant
club_1,Sean Guthrie,club_1_event_1,Participant
club_1,Semaj Plummer,club_1_event_3,organiser_2
club_1,Semaj Plummer,club_1_event_1,Participant
club_3,Semaj Plummer,club_3_event_2,Participant
club_1,Semaj Plummer,club_1_event_2,organiser_2
club_3,Semaj Plummer,club_3_event_3,Participant
club_2,Semaj Plummer,club_2_event_3,Participant
club_3,Semaj Plummer,club_3_event_2,Participant
club_2,Semaj Plummer,club_2_event_3,Participant
club_1,Semaj Plummer,club_1_event_2,Participant
club_2,Semaj Plummer,club_2_event_2,Participant
club_2,Semaj Plummer,club_2_event_1,Participant
club_1,Semaj Plummer,club_1_event_1,organiser_2
club_1,Semaj Plummer,club_1_event_2,Participant
club_2,Serenity Castillo,club_2_event_1,Participant
club_1,Serenity Castillo,club_1_event_2,Participant
club_3,Serenity Castillo,club_3_event_1,Participant
club_2,Serenity Castillo,club_2_event_2,Participant
club_3,Serenity Ngo,club_3_event_2,Participant
club_3,Shanna Branch,club_3_event_1,Participant
club_2,Shanna Branch,club_2_event_1,Participant
club_2,Shanna Branch,club_2_event_2,Participant
club_1,Shanna Branch,club_1_event_1,Participant
club_1,Shea Jenkins,club_1_event_3,Participant
club_3,Shea Jenkins,club_3_event_1,Participant
club_2,Shea Jenkins,club_2_event_3,Participant
club_1,Shea Jenkins,club_1_event_2,Participant
club_3,Shea Jenkins,club_3_event_2,Participant
club_2,Shea Jenkins,club_2_event_2,Participant
club_2,Shea Jenkins,club_2_event_1,Participant
club_3,Shea Jenkins,club_3_event_3,Participant
club_3,Sidney Zamora,club_3_event_3,Participant
club_3,Stephon Burnett,club_3_event_2,Participant
club_1,Stephon Burnett,club_1_event_1,Participant
club_3,Stephon Burnett,club_3_event_1,Participant
club_2,Stephon Burnett,club_2_event_2,Participant
club_1,Stephon Smoot,club_1_event_2,Participant
club_1,Stephon Smoot,club_1_event_1,Participant
club_2,Stephon Smoot,club_2_event_1,Participant
club_3,Stephon Smoot,club_3_event_1,Participant
club_2,Stephon Smoot,club_2_event_2,Participant
club_3,Sydnee Mears,club_3_event_1,organiser_5
club_3,Sydnee Mears,club_3_event_3,Participant
club_1,Sydnee Mears,club_1_event_1,Participant
club_3,Sydnee Mears,club_3_event_3,organiser_5
club_2,Sydnee Mears,club_2_event_2,Participant
club_2,Sydney Rowe,club_2_event_3,Participant
club_1,Sydney Rowe,club_1_event_1,Participant
club_3,Sydney Rowe,club_3_event_2,Participant
club_1,Tai Kline,club_1_event_2,Participant
club_2,Tai Kline,club_2_event_1,Participant
club_3,Tai Kline,club_3_event_2,Participant
club_3,Tasha Smalley,club_3_event_3,Participant
club_3,Tasha Smalley,club_3_event_2,Participant
club_1,Tasha Smalley,club_1_event_2,Participant
club_2,Tasha Smalley,club_2_event_1,Participant
club_1,Tasha Smalley,club_1_event_1,Participant
club_2,Tasha Smalley,club_2_event_3,Participant
club_3,Tate Blum,club_3_event_2,Participant
club_2,Tate Blum,club_2_event_3,Participant
club_1,Tatum Henning,club_1_event_1,Participant
club_2,Tatum Henning,club_2_event_2,Participant
club_2,Tatum Henning,club_2_event_3,Participant
club_3,Tatum Henning,club_3_event_1,Participant
club_1,Thea McCloud,club_1_event_1,Participant
club_2,Thea Noyes,club_2_event_2,Participant
club_3,Thea Noyes,club_3_event_1,Participant
club_3,Thea Noyes,club_3_event_2,Participant
club_2,Theodore Schmidt,club_2_event_1,Participant
club_2,Theodore Schmidt,club_2_event_2,Participant
club_3,Theodore Schmidt,club_3_event_1,Participant
club_1,Theodore Schmidt,club_1_event_3,Participant
club_3,Theodore Schmidt,club_3_event_3,Participant
club_1,Theodore Schmidt,club_1_event_2,Participant
club_3,Tucker Volk,club_3_event_1,Participant
club_2,Tucker Volk,club_2_event_1,Participant
club_1,Tucker Volk,club_1_event_2,Participant
club_2,Tucker Volk,club_2_event_2,Participant
club_3,Tyshawn Espino,club_3_event_2,Participant
club_2,Tyshawn Espino,club_2_event_2,Participant
club_3,Tyshawn Espino,club_3_event_1,Participant
club_1,Tyshawn Espino,club_1_event_1,Participant
club_2,Warren Schofield,club_2_event_3,Participant
club_1,Warren Schofield,club_1_event_1,Participant
club_3,Warren Schofield,club_3_event_1,Participant
club_3,Warren Schofield,club_3_event_2,Participant
club_1,Warren Schofield,club_1_event_3,Participant
club_1,Wilson Slocum,club_1_event_3,Participant
club_1,Wilson Slocum,club_1_event_1,Participant
club_3,Wilson Slocum,club_3_event_1,Participant
club_3,Wilson Slocum,club_3_event_3,Participant
club_1,Wilson Slocum,club_1_event_2,Participant
club_2,Wilson Slocum,club_2_event_2,Participant
club_3,Yisroel Sisk,club_3_event_1,Participant
club_1,Yisroel Sisk,club_1_event_1,Participant
club_2,Yisroel Sisk,club_2_event_1,Participant
club_2,Yisroel Sisk,club_2_event_2,Participant
club_1,Yisroel Sisk,club_1_event_2,Participant
club_3,Zachery Schrader,club_3_event_2,Participant
club_1,Zoie McDermott,club_1_event_1,Participant
club_2,Zoie McDermott,club_2_event_2,Participant
club_3,Zoie McDermott,club_3_event_1,Participant
